{"cameraMode":{"drawMode":0,"name":"Shaded","section":"Shading Mode"},"sceneLighting":true,"audioPlay":false,"sceneViewState":{"showFog":true,"showMaterialUpdate":false,"showSkybox":true,"showFlares":true,"showImageEffects":true,"showParticleSystems":true,"showVisualEffectGraphs":true,"m_FxEnabled":true},"in2DMode":false,"pivot":{"x":-0.8383913040161133,"y":3.206907272338867,"z":1.205535650253296},"rotation":{"x":0.42505550384521487,"y":0.040535569190979007,"z":-0.02073005400598049,"w":0.9040288329124451},"size":0.7470037341117859,"orthographic":false}