{"cameraMode":{"drawMode":0,"name":"Shaded","section":"Shading Mode"},"sceneLighting":true,"audioPlay":false,"sceneViewState":{"showFog":true,"showMaterialUpdate":false,"showSkybox":true,"showFlares":true,"showImageEffects":true,"showParticleSystems":true,"showVisualEffectGraphs":true,"m_FxEnabled":true},"in2DMode":false,"pivot":{"x":-1.0144195556640626,"y":13.945480346679688,"z":-11.075190544128418},"rotation":{"x":-0.18907080590724946,"y":-0.7367547154426575,"z":0.22936642169952393,"w":-0.6073195338249207},"size":41.651275634765628,"orthographic":false}