{"cameraMode":{"drawMode":0,"name":"Shaded","section":"Shading Mode"},"sceneLighting":true,"audioPlay":false,"sceneViewState":{"showFog":true,"showMaterialUpdate":false,"showSkybox":true,"showFlares":true,"showImageEffects":true,"showParticleSystems":true,"showVisualEffectGraphs":true,"m_FxEnabled":true},"in2DMode":false,"pivot":{"x":-2.7209558486938478,"y":2.3382515907287599,"z":-0.9150980710983276},"rotation":{"x":0.3468090295791626,"y":-0.10267690569162369,"z":0.03823079541325569,"w":0.9315300583839417},"size":0.7967883348464966,"orthographic":false}