{"cameraMode":{"drawMode":0,"name":"Shaded","section":"Shading Mode"},"sceneLighting":true,"audioPlay":false,"sceneViewState":{"showFog":true,"showMaterialUpdate":false,"showSkybox":true,"showFlares":true,"showImageEffects":true,"showParticleSystems":true,"showVisualEffectGraphs":true,"m_FxEnabled":true},"in2DMode":false,"pivot":{"x":20.815357208251954,"y":12.779552459716797,"z":3.7388556003570558},"rotation":{"x":0.18563610315322877,"y":0.5407179594039917,"z":-0.12375754863023758,"w":0.8110825419425964},"size":12.091312408447266,"orthographic":false}